Reverse_primer;ReversePrimer;Barcode_Reverse_Primer
12S_R1_Golay002;TAGAACAGGCTCCTCTAG;ACATCG
12S_R1_Golay004;TAGAACAGGCTCCTCTAG;TGGTCA
12S_R1_Golay006;TAGAACAGGCTCCTCTAG;ATTGGC
12S_R1_Golay008;TAGAACAGGCTCCTCTAG;TCAAGT
12S_R1_Golay010;TAGAACAGGCTCCTCTAG;AAGCTA
12S_R1_Golay012;TAGAACAGGCTCCTCTAG;TACAAG
12S_R1_Golay014;TAGAACAGGCTCCTCTAG;GGAACT
12S_R1_Golay016;TAGAACAGGCTCCTCTAG;GGACGG
12S_R1_Golay018;TAGAACAGGCTCCTCTAG;GCGGAC
12S_R1_Golay020;TAGAACAGGCTCCTCTAG;GGCCAC
12S_R1_Golay022;TAGAACAGGCTCCTCTAG;CGTACG
12S_R1_Golay024;TAGAACAGGCTCCTCTAG;GCTACC
12S_R1_Golay026;TAGAACAGGCTCCTCTAG;GCTCAT
12S_R1_Golay028;TAGAACAGGCTCCTCTAG;CTTTTG
12S_R1_Golay030;TAGAACAGGCTCCTCTAG;CCGGTG
12S_R1_Golay032;TAGAACAGGCTCCTCTAG;TGAGTG
12S_R1_Golay034;TAGAACAGGCTCCTCTAG;GCCATG
12S_R1_Golay036;TAGAACAGGCTCCTCTAG;TGTTGG
12S_R1_Golay038;TAGAACAGGCTCCTCTAG;AGCTAG
12S_R1_Golay040;TAGAACAGGCTCCTCTAG;TCTGAG
12S_R1_Golay042;TAGAACAGGCTCCTCTAG;CGATTA
12S_R1_Golay044;TAGAACAGGCTCCTCTAG;ATTATA
12S_R1_Golay046;TAGAACAGGCTCCTCTAG;TCGGGA
12S_R1_Golay048;TAGAACAGGCTCCTCTAG;TGCCGA
12S_R1_Golay050;TAGAACAGGCTCCTCTAG;GCTTCT
12S_R1_Golay052;TAGAACAGGCTCCTCTAG;GGATGC
12S_R1_Golay054;TAGAACAGGCTCCTCTAG;GTAAGT
12S_R1_Golay056;TAGAACAGGCTCCTCTAG;GTCTAT
12S_R1_Golay058;TAGAACAGGCTCCTCTAG;GTTGCG
12S_R1_Golay060;TAGAACAGGCTCCTCTAG;TACTCT
12S_R1_Golay062;TAGAACAGGCTCCTCTAG;TCGATT
12S_R1_Golay064;TAGAACAGGCTCCTCTAG;TGCGTT
12S_R1_Golay066;TAGAACAGGCTCCTCTAG;TTCAGG
12S_R1_Golay068;TAGAACAGGCTCCTCTAG;TTGGCC
12S_R1_Golay070;TAGAACAGGCTCCTCTAG;AAGGTC
12S_R1_Golay072;TAGAACAGGCTCCTCTAG;AATTCG
12S_R1_Golay074;TAGAACAGGCTCCTCTAG;ACCTGG
12S_R1_Golay076;TAGAACAGGCTCCTCTAG;ACGTAC
12S_R1_Golay078;TAGAACAGGCTCCTCTAG;AGAGAC
12S_R1_Golay080;TAGAACAGGCTCCTCTAG;AGGCTT
12S_R1_Golay082;TAGAACAGGCTCCTCTAG;AGTTAT
12S_R1_Golay084;TAGAACAGGCTCCTCTAG;ATGAGC
12S_R1_Golay086;TAGAACAGGCTCCTCTAG;GTTCAG
12S_R1_Golay088;TAGAACAGGCTCCTCTAG;CCTTAG
12S_R1_Golay090;TAGAACAGGCTCCTCTAG;ACAAGG
12S_R1_Golay092;TAGAACAGGCTCCTCTAG;AAGACG
12S_R1_Golay094;TAGAACAGGCTCCTCTAG;CAAGTG
12S_R1_Golay096;TAGAACAGGCTCCTCTAG;TGCTTG
12S_R1_Golay098;TAGAACAGGCTCCTCTAG;GTGAAC
12S_R1_Golay100;TAGAACAGGCTCCTCTAG;ATCCAC
12S_R1_Golay102;TAGAACAGGCTCCTCTAG;AACAGC
12S_R1_Golay104;TAGAACAGGCTCCTCTAG;TATGGC
12S_R1_Golay106;TAGAACAGGCTCCTCTAG;ACTTGC
12S_R1_Golay108;TAGAACAGGCTCCTCTAG;GAACTC
12S_R1_Golay110;TAGAACAGGCTCCTCTAG;CTCGAT
12S_R1_Golay112;TAGAACAGGCTCCTCTAG;CCTAGT
12S_R1_Golay114;TAGAACAGGCTCCTCTAG;GTTGGT
12S_R1_Golay116;TAGAACAGGCTCCTCTAG;TAGGCT
12S_R1_Golay118;TAGAACAGGCTCCTCTAG;CAGCTT
