Forward_primer;LinkerPrimerSequence;Barcode_Forward_Primer
12S_F1a_Golay001;AACTGGGATTAGATACCC;CGTGAT
12S_F1a_Golay003;AACTGGGATTAGATACCC;GCCTAA
12S_F1a_Golay005;AACTGGGATTAGATACCC;CACTGT
12S_F1a_Golay007;AACTGGGATTAGATACCC;GATCTG
12S_F1a_Golay009;AACTGGGATTAGATACCC;CTGATC
12S_F1a_Golay011;AACTGGGATTAGATACCC;GTAGCC
12S_F1a_Golay013;AACTGGGATTAGATACCC;TTGACT
12S_F1a_Golay015;AACTGGGATTAGATACCC;TGACAT
12S_F1a_Golay017;AACTGGGATTAGATACCC;CTCTAC
12S_F1a_Golay019;AACTGGGATTAGATACCC;TTTCAC
12S_F1a_Golay021;AACTGGGATTAGATACCC;CGAAAC
12S_F1a_Golay023;AACTGGGATTAGATACCC;CCACTC
12S_F1a_Golay025;AACTGGGATTAGATACCC;ATCAGT
12S_F1a_Golay027;AACTGGGATTAGATACCC;AGGAAT
12S_F1a_Golay029;AACTGGGATTAGATACCC;TAGTTG
12S_F1a_Golay031;AACTGGGATTAGATACCC;ATCGTG
12S_F1a_Golay033;AACTGGGATTAGATACCC;CGCCTG
12S_F1a_Golay035;AACTGGGATTAGATACCC;AAAATG
12S_F1a_Golay037;AACTGGGATTAGATACCC;ATTCCG
12S_F1a_Golay039;AACTGGGATTAGATACCC;GTATAG
12S_F1a_Golay041;AACTGGGATTAGATACCC;TAGCGC
12S_F1a_Golay043;AACTGGGATTAGATACCC;GCTGTA
12S_F1a_Golay045;AACTGGGATTAGATACCC;GAATGA
12S_F1a_Golay047;AACTGGGATTAGATACCC;CTTCGA
12S_F1a_Golay049;AACTGGGATTAGATACCC;GCTGGC
12S_F1a_Golay051;AACTGGGATTAGATACCC;GGACCA
12S_F1a_Golay053;AACTGGGATTAGATACCC;GGCAGA
12S_F1a_Golay055;AACTGGGATTAGATACCC;GTCGTC
12S_F1a_Golay057;AACTGGGATTAGATACCC;GTTCTT
12S_F1a_Golay059;AACTGGGATTAGATACCC;TAACTT
12S_F1a_Golay061;AACTGGGATTAGATACCC;TATAGT
12S_F1a_Golay063;AACTGGGATTAGATACCC;TGATCG
12S_F1a_Golay065;AACTGGGATTAGATACCC;TTATGA
12S_F1a_Golay067;AACTGGGATTAGATACCC;TTGCTG
12S_F1a_Golay069;AACTGGGATTAGATACCC;AAGCGG
12S_F1a_Golay071;AACTGGGATTAGATACCC;AATCAA
12S_F1a_Golay073;AACTGGGATTAGATACCC;ACCGTA
12S_F1a_Golay075;AACTGGGATTAGATACCC;ACGGCT
12S_F1a_Golay077;AACTGGGATTAGATACCC;ACTAGA
12S_F1a_Golay079;AACTGGGATTAGATACCC;AGCGCG
12S_F1a_Golay081;AACTGGGATTAGATACCC;AGTCGC
12S_F1a_Golay083;AACTGGGATTAGATACCC;ATATCT
