,Unnamed: 0,Name,barcode,minDistance,Unnamed: 4,118-17 = 101 barcodes available dus voor 50 monsters,reverse_complement,match_name
0,CGTGAT,1,CGTGAT,2,,,ATCACG,
1,GCCTAA,3,GCCTAA,2,,,TTAGGC,
2,CACTGT,5,CACTGT,2,,,ACAGTG,
3,GATCTG,7,GATCTG,1,,,CAGATC,
4,CTGATC,9,CTGATC,1,,,GATCAG,
5,GTAGCC,11,GTAGCC,1,,,GGCTAC,
6,TTGACT,13,TTGACT,1,,,AGTCAA,
7,TGACAT,15,TGACAT,2,,,ATGTCA,
8,CTCTAC,17,CTCTAC,1,,,GTAGAG,
9,TTTCAC,19,TTTCAC,1,,,GTGAAA,
10,CGAAAC,21,CGAAAC,1,,,GTTTCG,
11,CCACTC,23,CCACTC,2,,,GAGTGG,
12,ATCAGT,25,ATCAGT,2,,,ACTGAT,
13,AGGAAT,27,AGGAAT,1,,,ATTCCT,
14,TAGTTG,29,TAGTTG,2,,,CAACTA,
15,ATCGTG,31,ATCGTG,1,,,CACGAT,
16,CGCCTG,33,CGCCTG,2,,,CAGGCG,
17,AAAATG,35,AAAATG,2,,,CATTTT,
18,ATTCCG,37,ATTCCG,1,,,CGGAAT,
19,GTATAG,39,GTATAG,1,,,CTATAC,
20,TAGCGC,41,TAGCGC,2,,,GCGCTA,
21,GCTGTA,43,GCTGTA,1,,,TACAGC,
22,GAATGA,45,GAATGA,2,,,TCATTC,
23,CTTCGA,47,CTTCGA,2,,,TCGAAG,
24,GCTGGC,49,GCTGGC,2,,,GCCAGC,
25,GGACCA,51,GGACCA,1,,,TGGTCC,
26,GGCAGA,53,GGCAGA,2,,,TCTGCC,
27,GTCGTC,55,GTCGTC,2,,,GACGAC,
28,GTTCTT,57,GTTCTT,2,,,AAGAAC,
29,TAACTT,59,TAACTT,1,,,AAGTTA,
30,TATAGT,61,TATAGT,1,,,ACTATA,
31,TGATCG,63,TGATCG,1,,,CGATCA,
32,TTATGA,65,TTATGA,2,,,TCATAA,
33,TTGCTG,67,TTGCTG,1,,,CAGCAA,
34,AAGCGG,69,AAGCGG,1,,,CCGCTT,
35,AATCAA,71,AATCAA,1,,,TTGATT,
36,ACCGTA,73,ACCGTA,2,,,TACGGT,
37,ACGGCT,75,ACGGCT,2,,,AGCCGT,
38,ACTAGA,77,ACTAGA,1,,,TCTAGT,
39,AGCGCG,79,AGCGCG,2,,,CGCGCT,
40,AGTCGC,81,AGTCGC,2,,,GCGACT,
41,ATATCT,83,ATATCT,1,,,AGATAT,
42,ACATCG,2,ACATCG,1,,,CGATGT,
43,TGGTCA,4,TGGTCA,1,,,TGACCA,
44,ATTGGC,6,ATTGGC,2,,,GCCAAT,
45,TCAAGT,8,TCAAGT,1,,,ACTTGA,
46,AAGCTA,10,AAGCTA,1,,,TAGCTT,
47,TACAAG,12,TACAAG,2,,,CTTGTA,
48,GGAACT,14,GGAACT,2,,,AGTTCC,
49,GGACGG,16,GGACGG,2,,,CCGTCC,
50,GCGGAC,18,GCGGAC,2,,,GTCCGC,
51,GGCCAC,20,GGCCAC,1,,,GTGGCC,
52,CGTACG,22,CGTACG,0,,,CGTACG,22
53,GCTACC,24,GCTACC,2,,,GGTAGC,
54,GCTCAT,26,GCTCAT,0,,,ATGAGC,84
55,CTTTTG,28,CTTTTG,2,,,CAAAAG,
56,CCGGTG,30,CCGGTG,2,,,CACCGG,
57,TGAGTG,32,TGAGTG,2,,,CACTCA,
58,GCCATG,34,GCCATG,1,,,CATGGC,
59,TGTTGG,36,TGTTGG,1,,,CCAACA,
60,AGCTAG,38,AGCTAG,2,,,CTAGCT,
61,TCTGAG,40,TCTGAG,2,,,CTCAGA,
62,CGATTA,42,CGATTA,1,,,TAATCG,
63,ATTATA,44,ATTATA,1,,,TATAAT,
64,TCGGGA,46,TCGGGA,1,,,TCCCGA,
65,TGCCGA,48,TGCCGA,1,,,TCGGCA,
66,GCTTCT,50,GCTTCT,2,,,AGAAGC,
67,GGATGC,52,GGATGC,2,,,GCATCC,
68,GTAAGT,54,GTAAGT,1,,,ACTTAC,
69,GTCTAT,56,GTCTAT,1,,,ATAGAC,
70,GTTGCG,58,GTTGCG,1,,,CGCAAC,
71,TACTCT,60,TACTCT,2,,,AGAGTA,
72,TCGATT,62,TCGATT,1,,,AATCGA,
73,TGCGTT,64,TGCGTT,2,,,AACGCA,
74,TTCAGG,66,TTCAGG,2,,,CCTGAA,
75,TTGGCC,68,TTGGCC,1,,,GGCCAA,
76,AAGGTC,70,AAGGTC,2,,,GACCTT,
77,AATTCG,72,AATTCG,2,,,CGAATT,
78,ACCTGG,74,ACCTGG,2,,,CCAGGT,
79,ACGTAC,76,ACGTAC,1,,,GTACGT,
80,AGAGAC,78,AGAGAC,1,,,GTCTCT,
81,AGGCTT,80,AGGCTT,2,,,AAGCCT,
82,AGTTAT,82,AGTTAT,1,,,ATAACT,
83,ATGAGC,84,ATGAGC,0,,,GCTCAT,26
84,ATCACG,new_1,AGGTGT,2,,,ACACCT,
85,TTAGGC,new_2,GTTCAG,2,,,CTGAAC,
86,ACAGTG,new_3,CGATCT,2,,,AGATCG,
87,CAGATC,new_4,CCTTAG,1,,,CTAAGG,
88,GATCAG,new_5,GGAGAA,1,,,TTCTCC,
89,GGCTAC,new_6,ACAAGG,1,,,CCTTGT,
90,AGTCAA,new_7,CAGGAA,1,,,TTCCTG,
91,ATGTCA,new_8,AAGACG,2,,,CGTCTT,
92,GTAGAG,new_9,AGGCAA,1,,,TTGCCT,
93,GTGAAA,new_10,CAAGTG,1,,,CACTTG,
94,GTTTCG,new_11,CGAAGA,1,,,TCTTCG,
95,GAGTGG,new_12,TGCTTG,2,,,CAAGCA,
96,ACTGAT,new_13,GAGAGA,2,,,TCTCTC,
97,ATTCCT,new_14,GTGAAC,1,,,GTTCAC,
98,CAACTA,new_15,AGTGGA,2,,,TCCACT,
99,CACGAT,new_16,ATCCAC,1,,,GTGGAT,
100,CAGGCG,new_17,GTACGA,2,,,TCGTAC,
101,CATTTT,new_18,AACAGC,2,,,GCTGTT,
102,CGGAAT,new_19,CTGTGA,1,,,TCACAG,
103,CTATAC,new_20,TATGGC,1,,,GCCATA,
104,GCGCTA,new_21,GCAACA,2,,,TGTTGC,
105,TACAGC,new_22,ACTTGC,1,,,GCAAGT,
106,TCATTC,new_23,GATGCA,2,,,TGCATC,
107,TCGAAG,new_24,GAACTC,2,,,GAGTTC,
108,GCCAGC,new_25,ACTCCA,2,,,TGGAGT,
109,TGGTCC,new_26,CTCGAT,1,,,ATCGAG,
110,TCTGCC,new_27,GTCTCA,2,,,TGAGAC,
111,GACGAC,new_28,CCTAGT,2,,,ACTAGG,
112,AAGAAC,new_29,CCGATA,2,,,TATCGG,
113,AAGTTA,new_30,GTTGGT,1,,,ACCAAC,
114,ACTATA,new_31,GTGGTA,1,,,TACCAC,
115,CGATCA,new_32,TAGGCT,1,,,AGCCTA,
116,TCATAA,new_33,ATGGAG,2,,,CTCCAT,
117,CAGCAA,new_34,CAGCTT,1,,,AAGCTG,
